country,iso3,depression_pct,anxiety_pct,suicide_rate_per100k,psychiatrists_per100k,mh_budget_pct_health,mh_spend_usd_per_capita,treatment_gap_pct,social_media_hours_daily,internet_penetration_pct,gdp_per_capita_usd,population_millions,covid_mh_increase_pct,youth_mh_crisis_score,mh_policy_exists,mh_law_exists,mh_crisis_index,total_affected_millions,psychiatrists_per_million,mh_investment_gap,depression_anxiety_comorbidity_est_pct,mh_system_score,income_group_code,data_year,data_source,region_Americas,region_E. Med,region_Europe,region_S-E Asia,region_W. Pacific,income_group_Low,income_group_Lower-Middle,income_group_Upper-Middle,social_media_mental_health_risk_Low (<1.5h),social_media_mental_health_risk_Moderate (1.5-2.5h),social_media_mental_health_risk_Very High (>3.5h)
Malawi,MWI,3.3,4.5,6.5,0.02,0.8,0.1,97,1.1,16,700,20.4,86,9.5,0,0,87,1.59,0.2,0.078,1.65,3.4,1,2025,WHO Mental Health Atlas 2024 | GBD Study 2023 (IHME) | Our World in Data (Mar 2026) | OECD 2024 | DataReportal 2025,False,False,False,False,False,True,False,False,True,False,False
Mozambique,MOZ,3.4,4.6,8.2,0.04,0.6,0.1,96,1.2,18,600,32.8,85,9.4,0,0,86,2.62,0.4,0.058,1.7,3.1,1,2025,WHO Mental Health Atlas 2024 | GBD Study 2023 (IHME) | Our World in Data (Mar 2026) | OECD 2024 | DataReportal 2025,False,False,False,False,False,True,False,False,True,False,False
Ethiopia,ETH,3.5,4.8,10.2,0.04,1.0,0.1,95,1.4,22,1200,123.4,82,9.3,0,0,84,10.24,0.4,0.095,1.75,4.7,1,2025,WHO Mental Health Atlas 2024 | GBD Study 2023 (IHME) | Our World in Data (Mar 2026) | OECD 2024 | DataReportal 2025,False,False,False,False,False,True,False,False,True,False,False
Zimbabwe,ZWE,4.0,5.2,15.4,0.05,0.7,0.1,94,2.1,35,1000,15.9,82,9.3,0,0,83,1.46,0.5,0.066,2.0,4.1,1,2025,WHO Mental Health Atlas 2024 | GBD Study 2023 (IHME) | Our World in Data (Mar 2026) | OECD 2024 | DataReportal 2025,False,False,False,False,False,True,False,False,False,True,False
Tanzania,TZA,3.6,4.9,8.6,0.04,0.8,0.1,94,1.6,28,1200,65.5,80,9.2,0,0,82,5.57,0.4,0.075,1.8,4.4,1,2025,WHO Mental Health Atlas 2024 | GBD Study 2023 (IHME) | Our World in Data (Mar 2026) | OECD 2024 | DataReportal 2025,False,False,False,False,False,True,False,False,False,True,False
Uganda,UGA,3.5,4.8,12.0,0.08,1.0,0.1,93,1.8,24,900,47.1,80,9.1,0,0,81,3.91,0.8,0.093,1.75,5.4,1,2025,WHO Mental Health Atlas 2024 | GBD Study 2023 (IHME) | Our World in Data (Mar 2026) | OECD 2024 | DataReportal 2025,False,False,False,False,False,True,False,False,False,True,False
Lesotho,LSO,4.8,5.8,87.5,0.05,1.1,0.2,93,1.3,29,1200,2.2,71,9.2,0,0,80,0.23,0.5,0.102,2.4,5.6,2,2025,WHO Mental Health Atlas 2024 | GBD Study 2023 (IHME) | Our World in Data (Mar 2026) | OECD 2024 | DataReportal 2025,False,False,False,False,False,False,True,False,True,False,False
Eswatini,SWZ,4.5,5.5,40.5,0.08,1.0,0.2,92,1.4,41,4200,1.2,72,9.1,0,0,79,0.12,0.8,0.092,2.25,5.7,2,2025,WHO Mental Health Atlas 2024 | GBD Study 2023 (IHME) | Our World in Data (Mar 2026) | OECD 2024 | DataReportal 2025,False,False,False,False,False,False,True,False,True,False,False
Ukraine,UKR,6.3,7.1,18.5,3.1,2.8,8.0,62,2.8,72,4108,44.1,45,8.5,1,1,78,5.91,31.0,0.174,3.15,24.2,3,2025,WHO Mental Health Atlas 2024 | GBD Study 2023 (IHME) | Our World in Data (Mar 2026) | OECD 2024 | DataReportal 2025,False,False,True,False,False,False,False,True,False,False,False
Nigeria,NGA,3.9,5.2,9.0,0.1,0.9,0.1,90,4.8,55,2200,218.5,72,9.1,0,0,78,19.88,1.0,0.081,1.95,6.0,2,2025,WHO Mental Health Atlas 2024 | GBD Study 2023 (IHME) | Our World in Data (Mar 2026) | OECD 2024 | DataReportal 2025,False,False,False,False,False,False,True,False,False,False,True
North Korea,PRK,3.4,4.1,9.8,0.3,0.8,0.1,95,0.1,8,1800,25.9,70,8.5,0,0,76,1.94,3.0,0.076,1.7,4.4,1,2025,WHO Mental Health Atlas 2024 | GBD Study 2023 (IHME) | Our World in Data (Mar 2026) | OECD 2024 | DataReportal 2025,False,False,False,False,True,True,False,False,True,False,False
Ghana,GHA,3.7,5.1,7.4,0.1,1.2,0.2,91,2.8,62,2400,33.5,72,9.0,1,1,76,2.95,1.0,0.109,1.85,6.6,2,2025,WHO Mental Health Atlas 2024 | GBD Study 2023 (IHME) | Our World in Data (Mar 2026) | OECD 2024 | DataReportal 2025,False,False,False,False,False,False,True,False,False,False,False
Kenya,KEN,3.8,5.0,8.9,0.2,1.1,0.2,89,3.5,43,2200,55.1,68,8.9,1,0,74,4.85,2.0,0.098,1.9,7.0,2,2025,WHO Mental Health Atlas 2024 | GBD Study 2023 (IHME) | Our World in Data (Mar 2026) | OECD 2024 | DataReportal 2025,False,False,False,False,False,False,True,False,False,False,False
Iraq,IRQ,4.8,8.8,5.2,0.6,1.2,0.8,84,2.9,71,5300,42.2,68,8.9,0,0,73,5.74,6.0,0.101,2.4,9.4,2,2025,WHO Mental Health Atlas 2024 | GBD Study 2023 (IHME) | Our World in Data (Mar 2026) | OECD 2024 | DataReportal 2025,False,True,False,False,False,False,True,False,False,False,False
Bangladesh,BGD,3.7,4.8,7.5,0.2,0.8,0.1,90,2.6,38,2800,170.0,68,8.8,0,0,73,14.45,2.0,0.072,1.85,5.8,2,2025,WHO Mental Health Atlas 2024 | GBD Study 2023 (IHME) | Our World in Data (Mar 2026) | OECD 2024 | DataReportal 2025,False,False,False,True,False,False,True,False,False,False,False
Nepal,NPL,3.9,5.0,10.5,0.2,1.0,0.2,90,2.2,34,1200,29.6,70,8.6,0,0,72,2.63,2.0,0.09,1.95,6.4,1,2025,WHO Mental Health Atlas 2024 | GBD Study 2023 (IHME) | Our World in Data (Mar 2026) | OECD 2024 | DataReportal 2025,False,False,False,True,False,True,False,False,False,True,False
Pakistan,PAK,4.0,5.0,8.5,0.2,0.9,0.2,88,2.8,36,1800,231.4,66,8.7,1,1,72,20.83,2.0,0.079,2.0,6.7,2,2025,WHO Mental Health Atlas 2024 | GBD Study 2023 (IHME) | Our World in Data (Mar 2026) | OECD 2024 | DataReportal 2025,False,True,False,False,False,False,True,False,False,False,False
Brazil,BRA,5.8,9.3,7.9,3.2,2.3,4.5,78,3.8,84,10800,215.3,55,8.9,1,1,71,32.51,32.0,0.179,2.9,17.9,3,2025,WHO Mental Health Atlas 2024 | GBD Study 2023 (IHME) | Our World in Data (Mar 2026) | OECD 2024 | DataReportal 2025,True,False,False,False,False,False,False,True,False,False,True
Venezuela,VEN,4.6,6.0,8.8,0.7,0.9,0.4,88,3.2,72,3500,29.0,64,8.5,0,0,71,3.07,7.0,0.079,2.3,7.4,3,2025,WHO Mental Health Atlas 2024 | GBD Study 2023 (IHME) | Our World in Data (Mar 2026) | OECD 2024 | DataReportal 2025,True,False,False,False,False,False,False,True,False,False,False
Myanmar,MMR,3.6,4.7,9.0,0.2,1.2,0.2,88,2.8,40,1200,54.0,62,8.4,0,0,70,4.48,2.0,0.106,1.8,7.7,2,2025,WHO Mental Health Atlas 2024 | GBD Study 2023 (IHME) | Our World in Data (Mar 2026) | OECD 2024 | DataReportal 2025,False,False,False,True,False,False,True,False,False,False,False
Bolivia,BOL,4.0,5.3,11.2,0.5,1.0,0.8,87,2.4,60,3800,12.1,62,8.4,0,0,70,1.13,5.0,0.087,2.0,7.7,2,2025,WHO Mental Health Atlas 2024 | GBD Study 2023 (IHME) | Our World in Data (Mar 2026) | OECD 2024 | DataReportal 2025,True,False,False,False,False,False,True,False,False,True,False
South Africa,ZAF,4.9,6.2,9.8,0.3,0.9,1.8,87,3.9,72,7100,59.9,61,8.8,1,1,70,6.65,3.0,0.078,2.45,7.2,3,2025,WHO Mental Health Atlas 2024 | GBD Study 2023 (IHME) | Our World in Data (Mar 2026) | OECD 2024 | DataReportal 2025,False,False,False,False,False,False,False,True,False,False,True
Cambodia,KHM,3.5,4.7,7.2,0.3,0.9,0.3,86,1.8,40,2200,17.0,62,8.4,0,0,69,1.39,3.0,0.077,1.75,7.5,2,2025,WHO Mental Health Atlas 2024 | GBD Study 2023 (IHME) | Our World in Data (Mar 2026) | OECD 2024 | DataReportal 2025,False,False,False,True,False,False,True,False,False,True,False
Morocco,MAR,4.1,6.9,4.5,0.6,1.2,0.9,88,2.6,88,4200,37.5,64,8.5,1,0,69,4.12,6.0,0.106,2.05,8.2,2,2025,WHO Mental Health Atlas 2024 | GBD Study 2023 (IHME) | Our World in Data (Mar 2026) | OECD 2024 | DataReportal 2025,False,False,False,False,False,False,True,False,False,False,False
Lebanon,LBN,5.0,8.4,4.8,1.6,2.4,2.8,78,3.0,84,3900,5.5,62,8.7,1,1,68,0.74,16.0,0.187,2.5,16.2,2,2025,WHO Mental Health Atlas 2024 | GBD Study 2023 (IHME) | Our World in Data (Mar 2026) | OECD 2024 | DataReportal 2025,False,True,False,False,False,False,True,False,False,False,False
Papua New Guinea,PNG,3.0,4.0,6.1,0.09,1.2,0.2,88,1.8,22,2800,9.5,65,8.2,0,0,68,0.66,0.9,0.106,1.5,7.5,2,2025,WHO Mental Health Atlas 2024 | GBD Study 2023 (IHME) | Our World in Data (Mar 2026) | OECD 2024 | DataReportal 2025,False,False,False,False,True,False,True,False,False,True,False
India,IND,3.8,4.5,12.0,0.3,1.3,0.2,84,2.5,52,2800,1428.6,58,8.2,1,1,67,118.57,3.0,0.109,1.9,9.3,2,2025,WHO Mental Health Atlas 2024 | GBD Study 2023 (IHME) | Our World in Data (Mar 2026) | OECD 2024 | DataReportal 2025,False,False,False,True,False,False,True,False,False,True,False
Solomon Islands,SLB,2.9,3.8,5.2,0.08,0.9,0.2,90,1.4,20,2500,0.7,66,8.0,0,0,67,0.05,0.8,0.081,1.45,6.0,2,2025,WHO Mental Health Atlas 2024 | GBD Study 2023 (IHME) | Our World in Data (Mar 2026) | OECD 2024 | DataReportal 2025,False,False,False,False,True,False,True,False,True,False,False
Tunisia,TUN,4.3,7.1,3.8,0.8,1.5,1.2,82,2.4,80,4000,12.0,62,8.3,1,1,66,1.37,8.0,0.123,2.15,11.2,2,2025,WHO Mental Health Atlas 2024 | GBD Study 2023 (IHME) | Our World in Data (Mar 2026) | OECD 2024 | DataReportal 2025,False,False,False,False,False,False,True,False,False,True,False
Indonesia,IDN,3.7,4.8,3.4,0.3,1.5,0.4,83,3.2,78,5100,277.5,62,8.3,1,1,66,23.59,3.0,0.124,1.85,10.3,2,2025,WHO Mental Health Atlas 2024 | GBD Study 2023 (IHME) | Our World in Data (Mar 2026) | OECD 2024 | DataReportal 2025,False,False,False,True,False,False,True,False,False,False,False
Egypt,EGY,4.2,7.2,4.0,0.9,1.8,1.4,79,2.8,73,4800,105.0,62,8.3,1,0,65,11.97,9.0,0.142,2.1,13.2,2,2025,WHO Mental Health Atlas 2024 | GBD Study 2023 (IHME) | Our World in Data (Mar 2026) | OECD 2024 | DataReportal 2025,False,True,False,False,False,False,True,False,False,False,False
Iran,IRN,4.7,9.1,6.5,1.5,2.1,3.2,75,3.4,79,6900,87.9,58,8.2,1,1,65,12.13,15.0,0.158,2.35,16.1,2,2025,WHO Mental Health Atlas 2024 | GBD Study 2023 (IHME) | Our World in Data (Mar 2026) | OECD 2024 | DataReportal 2025,False,True,False,False,False,False,True,False,False,False,False
Philippines,PHL,4.3,6.1,3.2,0.5,1.8,0.8,78,4.0,74,4000,115.6,54,8.1,1,1,64,12.02,5.0,0.14,2.15,13.0,2,2025,WHO Mental Health Atlas 2024 | GBD Study 2023 (IHME) | Our World in Data (Mar 2026) | OECD 2024 | DataReportal 2025,False,False,False,True,False,False,True,False,False,False,True
Ecuador,ECU,4.3,5.9,7.9,0.8,1.5,2.2,82,2.6,72,7300,18.0,57,8.0,1,0,64,1.84,8.0,0.123,2.15,11.2,3,2025,WHO Mental Health Atlas 2024 | GBD Study 2023 (IHME) | Our World in Data (Mar 2026) | OECD 2024 | DataReportal 2025,True,False,False,False,False,False,False,True,False,False,False
Sri Lanka,LKA,4.2,5.4,11.2,0.5,1.6,0.8,82,1.9,48,4200,22.2,58,8.0,1,1,64,2.13,5.0,0.131,2.1,11.1,2,2025,WHO Mental Health Atlas 2024 | GBD Study 2023 (IHME) | Our World in Data (Mar 2026) | OECD 2024 | DataReportal 2025,False,False,False,True,False,False,True,False,False,True,False
Peru,PER,4.4,6.2,8.1,1.2,1.2,2.8,79,2.8,74,8100,33.5,55,7.9,1,0,63,3.55,12.0,0.095,2.2,11.7,3,2025,WHO Mental Health Atlas 2024 | GBD Study 2023 (IHME) | Our World in Data (Mar 2026) | OECD 2024 | DataReportal 2025,True,False,False,False,False,False,False,True,False,False,False
Jordan,JOR,4.5,8.0,4.2,1.4,2.0,2.5,74,3.2,83,5200,10.2,58,8.1,1,1,63,1.27,14.0,0.148,2.25,15.9,2,2025,WHO Mental Health Atlas 2024 | GBD Study 2023 (IHME) | Our World in Data (Mar 2026) | OECD 2024 | DataReportal 2025,False,True,False,False,False,False,True,False,False,False,False
Colombia,COL,4.9,7.0,7.6,1.9,1.8,5.0,68,3.7,73,7900,51.9,51,7.8,1,1,62,6.18,19.0,0.122,2.45,17.8,3,2025,WHO Mental Health Atlas 2024 | GBD Study 2023 (IHME) | Our World in Data (Mar 2026) | OECD 2024 | DataReportal 2025,True,False,False,False,False,False,False,True,False,False,True
Vietnam,VNM,3.7,4.9,8.0,0.5,1.4,0.5,82,2.2,78,4400,97.3,52,7.8,1,1,62,8.37,5.0,0.115,1.85,10.5,2,2025,WHO Mental Health Atlas 2024 | GBD Study 2023 (IHME) | Our World in Data (Mar 2026) | OECD 2024 | DataReportal 2025,False,False,False,True,False,False,True,False,False,True,False
Russia,RUS,5.2,4.6,26.5,10.7,2.5,16.0,55,2.4,85,15000,143.8,48,7.8,1,1,61,14.09,107.0,0.138,2.6,34.8,3,2025,WHO Mental Health Atlas 2024 | GBD Study 2023 (IHME) | Our World in Data (Mar 2026) | OECD 2024 | DataReportal 2025,False,False,True,False,False,False,False,True,False,True,False
Uzbekistan,UZB,3.8,4.5,10.2,2.1,2.2,1.8,72,2.8,72,2400,35.3,58,7.8,1,1,61,2.93,21.0,0.158,1.9,18.0,2,2025,WHO Mental Health Atlas 2024 | GBD Study 2023 (IHME) | Our World in Data (Mar 2026) | OECD 2024 | DataReportal 2025,False,False,True,False,False,False,True,False,False,False,False
Mexico,MEX,4.2,5.8,7.7,1.6,1.6,3.5,71,3.3,78,11600,128.5,52,7.6,1,1,60,12.85,16.0,0.114,2.1,15.9,3,2025,WHO Mental Health Atlas 2024 | GBD Study 2023 (IHME) | Our World in Data (Mar 2026) | OECD 2024 | DataReportal 2025,True,False,False,False,False,False,False,True,False,False,False
Mongolia,MNG,4.1,5.0,14.1,2.4,2.8,4.0,72,2.4,78,5500,3.4,56,7.8,1,1,60,0.31,24.0,0.202,2.05,20.3,2,2025,WHO Mental Health Atlas 2024 | GBD Study 2023 (IHME) | Our World in Data (Mar 2026) | OECD 2024 | DataReportal 2025,False,False,False,False,True,False,True,False,False,True,False
Thailand,THA,4.1,5.6,14.4,1.1,3.1,5.0,72,2.8,85,8800,71.8,48,7.5,1,1,59,6.96,11.0,0.223,2.05,19.6,3,2025,WHO Mental Health Atlas 2024 | GBD Study 2023 (IHME) | Our World in Data (Mar 2026) | OECD 2024 | DataReportal 2025,False,False,False,True,False,False,False,True,False,False,False
Fiji,FJI,3.1,4.2,5.8,0.5,2.2,2.2,78,2.0,62,6300,0.9,60,7.4,1,1,59,0.07,5.0,0.172,1.55,14.2,3,2025,WHO Mental Health Atlas 2024 | GBD Study 2023 (IHME) | Our World in Data (Mar 2026) | OECD 2024 | DataReportal 2025,False,False,False,False,True,False,False,True,False,True,False
Georgia,GEO,4.4,5.6,8.8,4.8,3.6,12.0,64,2.9,79,7600,3.7,52,7.5,1,1,58,0.37,48.0,0.23,2.2,28.2,3,2025,WHO Mental Health Atlas 2024 | GBD Study 2023 (IHME) | Our World in Data (Mar 2026) | OECD 2024 | DataReportal 2025,False,False,True,False,False,False,False,True,False,False,False
Azerbaijan,AZE,3.8,4.6,4.8,3.5,3.0,8.0,68,2.4,85,7900,10.1,52,7.5,1,1,58,0.85,35.0,0.204,1.9,23.5,3,2025,WHO Mental Health Atlas 2024 | GBD Study 2023 (IHME) | Our World in Data (Mar 2026) | OECD 2024 | DataReportal 2025,False,False,True,False,False,False,False,True,False,True,False
Argentina,ARG,5.4,7.4,9.8,13.6,4.5,15.0,52,2.9,88,13600,45.4,46,7.5,1,1,58,5.81,136.0,0.234,2.7,45.5,3,2025,WHO Mental Health Atlas 2024 | GBD Study 2023 (IHME) | Our World in Data (Mar 2026) | OECD 2024 | DataReportal 2025,True,False,False,False,False,False,False,True,False,False,False
Armenia,ARM,4.5,5.8,5.4,4.2,3.4,10.0,64,2.6,82,7200,2.8,50,7.4,1,1,57,0.29,42.0,0.218,2.25,26.8,3,2025,WHO Mental Health Atlas 2024 | GBD Study 2023 (IHME) | Our World in Data (Mar 2026) | OECD 2024 | DataReportal 2025,False,False,True,False,False,False,False,True,False,False,False
Kazakhstan,KAZ,4.2,4.8,22.5,5.4,2.8,8.0,64,2.6,84,11200,19.0,48,7.2,1,1,56,1.71,54.0,0.179,2.1,26.4,3,2025,WHO Mental Health Atlas 2024 | GBD Study 2023 (IHME) | Our World in Data (Mar 2026) | OECD 2024 | DataReportal 2025,False,False,True,False,False,False,False,True,False,False,False
Malaysia,MYS,3.9,5.8,6.0,1.8,3.5,6.0,65,3.1,89,13200,33.6,44,7.2,1,1,55,3.26,18.0,0.227,1.95,23.9,3,2025,WHO Mental Health Atlas 2024 | GBD Study 2023 (IHME) | Our World in Data (Mar 2026) | OECD 2024 | DataReportal 2025,False,False,False,True,False,False,False,True,False,False,False
Chile,CHL,5.1,6.8,10.1,4.8,3.4,16.0,54,2.4,92,16400,19.5,42,7.2,1,1,55,2.32,48.0,0.184,2.55,30.6,4,2025,WHO Mental Health Atlas 2024 | GBD Study 2023 (IHME) | Our World in Data (Mar 2026) | OECD 2024 | DataReportal 2025,True,False,False,False,False,False,False,False,False,True,False
Turkey,TUR,3.8,5.2,4.8,2.0,2.9,8.0,68,2.1,81,13100,85.0,44,7.2,1,1,55,7.65,20.0,0.197,1.9,21.3,3,2025,WHO Mental Health Atlas 2024 | GBD Study 2023 (IHME) | Our World in Data (Mar 2026) | OECD 2024 | DataReportal 2025,False,False,True,False,False,False,False,True,False,True,False
Costa Rica,CRI,4.8,6.2,8.5,3.2,3.8,18.0,57,2.3,83,14900,5.2,44,7.1,1,1,54,0.57,32.0,0.217,2.4,29.0,3,2025,WHO Mental Health Atlas 2024 | GBD Study 2023 (IHME) | Our World in Data (Mar 2026) | OECD 2024 | DataReportal 2025,True,False,False,False,False,False,False,True,False,True,False
China,CHN,4.0,4.6,8.0,2.2,2.2,4.0,55,2.0,73,13100,1412.0,38,7.0,1,1,53,121.43,22.0,0.121,2.0,23.4,3,2025,WHO Mental Health Atlas 2024 | GBD Study 2023 (IHME) | Our World in Data (Mar 2026) | OECD 2024 | DataReportal 2025,False,False,False,False,True,False,False,True,False,True,False
Romania,ROU,4.8,5.1,12.0,4.1,2.9,12.0,58,1.6,83,17200,19.0,40,7.0,1,1,53,1.88,41.0,0.168,2.4,27.0,3,2025,WHO Mental Health Atlas 2024 | GBD Study 2023 (IHME) | Our World in Data (Mar 2026) | OECD 2024 | DataReportal 2025,False,False,True,False,False,False,False,True,False,True,False
Hungary,HUN,5.0,5.4,19.1,6.2,3.8,22.0,43,1.5,89,22100,9.7,41,6.9,1,1,52,1.01,62.0,0.163,2.5,37.0,4,2025,WHO Mental Health Atlas 2024 | GBD Study 2023 (IHME) | Our World in Data (Mar 2026) | OECD 2024 | DataReportal 2025,False,False,True,False,False,False,False,False,True,False,False
Portugal,PRT,5.7,8.7,9.4,13.9,6.2,48.0,28,1.9,84,24200,10.3,32,7.2,1,1,52,1.48,139.0,0.174,2.85,58.5,4,2025,WHO Mental Health Atlas 2024 | GBD Study 2023 (IHME) | Our World in Data (Mar 2026) | OECD 2024 | DataReportal 2025,False,False,True,False,False,False,False,False,False,True,False
Saudi Arabia,SAU,3.4,6.8,3.5,3.8,4.2,28.0,58,2.5,97,28400,36.4,42,6.8,1,1,52,3.71,38.0,0.244,1.7,30.6,4,2025,WHO Mental Health Atlas 2024 | GBD Study 2023 (IHME) | Our World in Data (Mar 2026) | OECD 2024 | DataReportal 2025,False,True,False,False,False,False,False,False,False,True,False
United States,USA,5.9,7.7,14.2,16.0,7.0,280.0,19,2.3,93,76400,335.0,42,7.8,1,1,51,45.56,160.0,0.133,2.95,66.4,4,2025,WHO Mental Health Atlas 2024 | GBD Study 2023 (IHME) | Our World in Data (Mar 2026) | OECD 2024 | DataReportal 2025,True,False,False,False,False,False,False,False,False,True,False
Serbia,SRB,4.7,5.0,13.5,5.2,3.8,14.0,56,2.2,82,10900,6.8,42,6.8,0,1,51,0.66,52.0,0.213,2.35,31.8,3,2025,WHO Mental Health Atlas 2024 | GBD Study 2023 (IHME) | Our World in Data (Mar 2026) | OECD 2024 | DataReportal 2025,False,False,True,False,False,False,False,True,False,True,False
Poland,POL,4.9,5.3,16.2,5.6,3.4,20.0,45,1.6,88,21300,37.8,38,6.8,1,1,50,3.86,56.0,0.153,2.45,34.4,4,2025,WHO Mental Health Atlas 2024 | GBD Study 2023 (IHME) | Our World in Data (Mar 2026) | OECD 2024 | DataReportal 2025,False,False,True,False,False,False,False,False,False,True,False
Greece,GRC,5.7,6.8,4.9,14.1,5.8,42.0,31,1.7,82,21800,10.4,31,6.8,1,1,49,1.3,141.0,0.18,2.85,56.6,4,2025,WHO Mental Health Atlas 2024 | GBD Study 2023 (IHME) | Our World in Data (Mar 2026) | OECD 2024 | DataReportal 2025,False,False,True,False,False,False,False,False,False,True,False
Lithuania,LTU,5.1,5.5,21.6,14.6,5.6,38.0,26,1.5,89,26200,2.8,40,6.5,1,1,49,0.3,146.0,0.146,2.55,58.2,4,2025,WHO Mental Health Atlas 2024 | GBD Study 2023 (IHME) | Our World in Data (Mar 2026) | OECD 2024 | DataReportal 2025,False,False,True,False,False,False,False,False,True,False,False
Estonia,EST,5.9,6.1,17.2,14.6,5.4,38.0,25,1.4,91,27100,1.4,34,6.1,1,1,48,0.17,146.0,0.135,2.95,57.8,4,2025,WHO Mental Health Atlas 2024 | GBD Study 2023 (IHME) | Our World in Data (Mar 2026) | OECD 2024 | DataReportal 2025,False,False,True,False,False,False,False,False,True,False,False
Israel,ISR,4.8,6.0,8.6,12.8,6.2,75.0,26,2.1,93,54800,9.4,39,6.5,1,1,47,1.02,128.0,0.161,2.4,57.8,4,2025,WHO Mental Health Atlas 2024 | GBD Study 2023 (IHME) | Our World in Data (Mar 2026) | OECD 2024 | DataReportal 2025,False,True,False,False,False,False,False,False,False,True,False
Cuba,CUB,3.9,4.5,12.5,8.1,3.2,12.0,42,1.8,71,9500,11.2,38,6.1,1,1,46,0.94,81.0,0.134,1.95,37.8,3,2025,WHO Mental Health Atlas 2024 | GBD Study 2023 (IHME) | Our World in Data (Mar 2026) | OECD 2024 | DataReportal 2025,True,False,False,False,False,False,False,True,False,True,False
Slovenia,SVN,4.9,5.2,18.0,11.4,5.2,62.0,27,1.4,90,30900,2.1,36,6.2,1,1,46,0.21,114.0,0.14,2.45,52.7,4,2025,WHO Mental Health Atlas 2024 | GBD Study 2023 (IHME) | Our World in Data (Mar 2026) | OECD 2024 | DataReportal 2025,False,False,True,False,False,False,False,False,True,False,False
Czech Republic,CZE,4.7,5.0,14.0,9.8,3.2,28.0,38,1.4,91,28200,10.9,35,6.1,1,1,46,1.06,98.0,0.122,2.35,41.1,4,2025,WHO Mental Health Atlas 2024 | GBD Study 2023 (IHME) | Our World in Data (Mar 2026) | OECD 2024 | DataReportal 2025,False,False,True,False,False,False,False,False,True,False,False
South Korea,KOR,3.6,4.0,25.2,12.6,9.2,78.0,22,1.0,98,33700,51.7,34,6.2,1,1,45,3.93,126.0,0.202,1.8,68.1,4,2025,WHO Mental Health Atlas 2024 | GBD Study 2023 (IHME) | Our World in Data (Mar 2026) | OECD 2024 | DataReportal 2025,False,False,False,False,True,False,False,False,True,False,False
New Zealand,NZL,5.3,7.4,11.8,12.4,10.2,95.0,21,1.9,96,50100,5.1,34,6.4,1,1,45,0.65,124.0,0.214,2.65,71.2,4,2025,WHO Mental Health Atlas 2024 | GBD Study 2023 (IHME) | Our World in Data (Mar 2026) | OECD 2024 | DataReportal 2025,False,False,False,False,True,False,False,False,False,True,False
Hong Kong,HKG,4.2,5.1,11.2,15.8,7.5,95.0,22,1.8,96,49800,7.5,35,6.2,1,1,44,0.7,158.0,0.165,2.1,66.8,4,2025,WHO Mental Health Atlas 2024 | GBD Study 2023 (IHME) | Our World in Data (Mar 2026) | OECD 2024 | DataReportal 2025,False,False,False,False,True,False,False,False,False,True,False
Australia,AUS,5.9,7.2,12.1,13.8,9.2,100.0,22,1.7,93,60400,26.5,38,6.5,1,1,44,3.47,138.0,0.202,2.95,69.6,4,2025,WHO Mental Health Atlas 2024 | GBD Study 2023 (IHME) | Our World in Data (Mar 2026) | OECD 2024 | DataReportal 2025,False,False,False,False,True,False,False,False,False,True,False
France,FRA,5.3,5.4,13.8,22.4,7.8,95.0,22,1.8,93,46400,68.0,31,6.3,1,1,44,7.28,224.0,0.172,2.65,75.8,4,2025,WHO Mental Health Atlas 2024 | GBD Study 2023 (IHME) | Our World in Data (Mar 2026) | OECD 2024 | DataReportal 2025,False,False,True,False,False,False,False,False,False,True,False
UAE,ARE,2.9,5.8,3.2,4.5,4.8,48.0,48,3.2,99,50400,9.9,35,5.9,1,1,44,0.86,45.0,0.23,1.45,36.5,4,2025,WHO Mental Health Atlas 2024 | GBD Study 2023 (IHME) | Our World in Data (Mar 2026) | OECD 2024 | DataReportal 2025,False,True,False,False,False,False,False,False,False,False,False
Belgium,BEL,5.4,5.6,15.8,32.5,8.5,130.0,21,1.9,93,52900,11.6,30,6.1,1,1,43,1.28,325.0,0.178,2.7,90.7,4,2025,WHO Mental Health Atlas 2024 | GBD Study 2023 (IHME) | Our World in Data (Mar 2026) | OECD 2024 | DataReportal 2025,False,False,True,False,False,False,False,False,False,True,False
Taiwan,TWN,3.9,4.4,12.4,8.8,6.5,55.0,24,1.4,92,34800,23.6,31,5.9,1,1,43,1.96,88.0,0.156,1.95,54.4,4,2025,WHO Mental Health Atlas 2024 | GBD Study 2023 (IHME) | Our World in Data (Mar 2026) | OECD 2024 | DataReportal 2025,False,False,False,False,True,False,False,False,True,False,False
Canada,CAN,5.2,6.8,11.5,16.2,7.0,140.0,21,1.8,95,56100,38.2,34,6.3,1,1,43,4.58,162.0,0.147,2.6,66.0,4,2025,WHO Mental Health Atlas 2024 | GBD Study 2023 (IHME) | Our World in Data (Mar 2026) | OECD 2024 | DataReportal 2025,True,False,False,False,False,False,False,False,False,True,False
United Kingdom,GBR,5.1,6.0,11.0,14.5,9.6,104.0,22,1.8,97,48900,67.7,34,6.4,1,1,43,7.51,145.0,0.211,2.55,71.7,4,2025,WHO Mental Health Atlas 2024 | GBD Study 2023 (IHME) | Our World in Data (Mar 2026) | OECD 2024 | DataReportal 2025,False,False,True,False,False,False,False,False,False,True,False
Italy,ITA,4.6,5.0,8.2,11.3,3.5,35.0,28,1.6,90,38200,59.2,30,5.9,1,1,42,5.68,113.0,0.098,2.3,47.0,4,2025,WHO Mental Health Atlas 2024 | GBD Study 2023 (IHME) | Our World in Data (Mar 2026) | OECD 2024 | DataReportal 2025,False,False,True,False,False,False,False,False,False,True,False
Japan,JPN,3.8,4.2,17.5,12.9,5.5,60.0,26,0.7,93,40900,124.0,31,5.8,1,1,42,9.92,129.0,0.143,1.9,55.8,4,2025,WHO Mental Health Atlas 2024 | GBD Study 2023 (IHME) | Our World in Data (Mar 2026) | OECD 2024 | DataReportal 2025,False,False,False,False,True,False,False,False,True,False,False
Ireland,IRL,5.2,6.1,9.6,11.2,6.1,88.0,24,1.9,96,106900,5.1,31,5.9,1,1,42,0.58,112.0,0.146,2.6,56.1,4,2025,WHO Mental Health Atlas 2024 | GBD Study 2023 (IHME) | Our World in Data (Mar 2026) | OECD 2024 | DataReportal 2025,False,False,True,False,False,False,False,False,False,True,False
Finland,FIN,5.6,5.8,14.6,27.6,11.3,195.0,19,1.8,95,54400,5.5,29,5.8,1,1,41,0.63,276.0,0.215,2.8,94.0,4,2025,WHO Mental Health Atlas 2024 | GBD Study 2023 (IHME) | Our World in Data (Mar 2026) | OECD 2024 | DataReportal 2025,False,False,True,False,False,False,False,False,False,True,False
Spain,ESP,4.5,5.0,8.5,10.8,5.2,42.0,27,2.0,91,33400,47.4,30,5.8,1,1,41,4.5,108.0,0.14,2.25,51.9,4,2025,WHO Mental Health Atlas 2024 | GBD Study 2023 (IHME) | Our World in Data (Mar 2026) | OECD 2024 | DataReportal 2025,False,False,True,False,False,False,False,False,False,True,False
Austria,AUT,4.8,5.1,14.2,22.3,7.6,108.0,21,1.7,94,54600,9.1,29,5.7,1,1,41,0.9,223.0,0.16,2.4,75.4,4,2025,WHO Mental Health Atlas 2024 | GBD Study 2023 (IHME) | Our World in Data (Mar 2026) | OECD 2024 | DataReportal 2025,False,False,True,False,False,False,False,False,False,True,False
Germany,DEU,4.9,5.2,12.2,27.0,11.2,142.0,21,1.5,93,54300,84.0,28,5.6,1,1,40,8.48,270.0,0.235,2.45,92.3,4,2025,WHO Mental Health Atlas 2024 | GBD Study 2023 (IHME) | Our World in Data (Mar 2026) | OECD 2024 | DataReportal 2025,False,False,True,False,False,False,False,False,True,False,False
Netherlands,NLD,4.8,5.0,10.8,15.8,8.1,118.0,21,1.6,95,59100,17.9,27,5.5,1,1,39,1.75,158.0,0.17,2.4,68.9,4,2025,WHO Mental Health Atlas 2024 | GBD Study 2023 (IHME) | Our World in Data (Mar 2026) | OECD 2024 | DataReportal 2025,False,False,True,False,False,False,False,False,False,True,False
Sweden,SWE,4.6,4.8,13.9,26.8,10.2,165.0,20,1.7,97,57700,10.5,27,5.4,1,1,39,0.99,268.0,0.204,2.3,89.3,4,2025,WHO Mental Health Atlas 2024 | GBD Study 2023 (IHME) | Our World in Data (Mar 2026) | OECD 2024 | DataReportal 2025,False,False,True,False,False,False,False,False,False,True,False
Denmark,DNK,4.7,4.9,11.3,19.4,8.9,178.0,19,1.6,98,67900,5.9,28,5.3,1,1,38,0.57,194.0,0.169,2.35,76.4,4,2025,WHO Mental Health Atlas 2024 | GBD Study 2023 (IHME) | Our World in Data (Mar 2026) | OECD 2024 | DataReportal 2025,False,False,True,False,False,False,False,False,False,True,False
Singapore,SGP,3.5,4.8,9.2,8.6,6.4,82.0,24,2.2,99,87800,6.0,28,5.4,1,1,38,0.5,86.0,0.154,1.75,53.9,4,2025,WHO Mental Health Atlas 2024 | GBD Study 2023 (IHME) | Our World in Data (Mar 2026) | OECD 2024 | DataReportal 2025,False,False,False,False,True,False,False,False,False,True,False
Switzerland,CHE,4.4,4.7,12.2,54.9,8.2,320.0,17,1.5,97,93400,8.8,27,5.2,1,1,37,0.8,549.0,0.139,2.2,100.0,4,2025,WHO Mental Health Atlas 2024 | GBD Study 2023 (IHME) | Our World in Data (Mar 2026) | OECD 2024 | DataReportal 2025,False,False,True,False,False,False,False,False,True,False,False
Norway,NOR,4.5,4.6,12.6,31.0,9.8,210.0,18,1.5,98,104900,5.5,26,5.1,1,1,36,0.5,310.0,0.176,2.25,93.8,4,2025,WHO Mental Health Atlas 2024 | GBD Study 2023 (IHME) | Our World in Data (Mar 2026) | OECD 2024 | DataReportal 2025,False,False,True,False,False,False,False,False,True,False,False
